<?xml version="1.0"?>

<methodCall>
    <methodName>jac.struct</methodName>
    <params>
        <param>
            <value>
				<struct>
					<member>
						<name>moe</name>
						<value><i4>1</i4></value>
					</member>
					<member>
						<name>larry</name>
						<value><i4>2</i4></value>
					</member>
					<member>
						<name>curly</name>
						<value><i4>3</i4></value>
					</member>
					<member>
						<name>reference?</name>
						<value><i4>4</i4></value>
					</member>
				</struct>
            </value>
        </param>
    </params>
</methodCall>
